,, ,,,,
наплевать в лицо,"1. Я не мог поверить, что он наплевал мне в лицо, когда я сказал ему, что не хочу работать на его фирме. (I couldn't believe that he slapped me in the face when I told him I didn't want to work for his company.)2. Она наплевала ему в лицо, когда он попытался ее обмануть. (She slapped him in the face when he tried to cheat her.)3. Он наплевал в лицо своей матери, когда она попросила его перестать курить. (He slapped his mother in the face when she asked him to stop smoking.)4. Мы наплевали друг другу в лицо, когда мы обсуждали нашу разрушенную связь. (We slapped each other in the face when we discussed our broken relationship.)5. У нас в семье наплевать в лицо, когда мы спорим о политике. (In our family, we slap each other in the face when we argue about politics.)6. Она наплевала в лицо своей сестре, когда она узнала, что она украла ее денежку. (She slapped her sister in the face when she found out that she had stolen her money.)7. Он наплевал в лицо своему другу, когда тот попытался его обмануть. (He slapped his friend in the face when he tried to cheat him.)8. Мы наплевали в лицо нашей коллеге, когда она сказала, что не может работать с нами. (We slapped our colleague in the face when she said she couldn't work with us.)9. У нас в команде наплевать в лицо, когда мы обсуждаем нашу стратегию. (In our team, we slap each other in the face when we discuss our strategy.)10. Она наплевала в лицо своей матери, когда она попросила ее перестать заниматься спортом. (She slapped her mother in the face when she asked her to stop playing sports.)11. Он наплевал в лицо своему отцу, когда тот попытался его stopping him from going out with his friends. (He slapped his father in the face when he tried to stop him from going out with his friends.)12. Мы наплевали друг другу в лицо, когда мы обсуждали нашу любовь к музыке. (We slapped each other in the face when we discussed our love for music.)13. У нас в семье наплевать в лицо, когда мы спорим о наших разных интересах. (In our family, we slap each other in the face when we argue about our different interests.)14. Она наплевала в лицо своей сестре, когда она узнала, что она скрыла ее вещи. (She slapped her sister in the face when she found out that she had hidden her things.)",,,,,
дело жизни и смерти,"1. Я считаю, что это дело жизни и смерти, чтобы мы смогли решить нашу проблему. (I think this is a matter of life and death, and we need to solve our problem.)2. Она сказала, что ее карьера - дело жизни и смерти, и она не может позволить себе проигнорировать ее. (She said that her career is a matter of life and death, and she cannot afford to ignore it.)3. Он сказал, что его здоровье - дело жизни и смерти, и он не может позволить себе не следить за ним. (He said that his health is a matter of life and death, and he cannot afford to neglect it.)4. Мы считаем, что наша миссия - дело жизни и смерти, и мы не можем позволить себе не справляться с ней. (We think that our mission is a matter of life and death, and we cannot afford to fail.)5. У нас в семье дело жизни и смерти, когда мы обсуждаем нашу финансовую ситуацию. (In our family, we consider our financial situation a matter of life and death, and we discuss it seriously.)6. Она сказала, что ее отношения - дело жизни и смерти, и она не может позволить себе не инвестировать в них. (She said that her relationships are a matter of life and death, and she cannot afford to not invest in them.)7. Он сказал, что его работа - дело жизни и смерти, и он не может позволить себе не справляться с ней. (He said that his job is a matter of life and death, and he cannot afford to not do it well.)8. Мы считаем, что наша планета - дело жизни и смерти, и мы не можем позволить себе не заботиться о ней. (We think that our planet is a matter of life and death, and we cannot afford to not take care of it.)9. У нас в команде дело жизни и смерти, когда мы обсуждаем нашу стратегию. (In our team, we consider our strategy a matter of life and death, and we discuss it seriously.)10. Она сказала, что ее образование - дело жизни и смерти, и она не может позволить себе не получать высшее образование. (She said that her education is a matter of life and death, and she cannot afford to not get a higher education.)11. Он сказал, что его семья - дело жизни и смерти, и он не может позволить себе не заботиться о них. (He said that his family is a matter of life and death, and he cannot afford to not take care of them.)12. Мы считаем, что наша репутация - дело жизни и смерти, и мы не можем позволить себе не защищать ее. (We think that our reputation is a matter of life and death, and we cannot afford to not defend it.)",,,,,
гром и молния,"1. Я был поражен громом и молнией, когда увидел свою любимую звезду на улице. (I was struck by thunder and lightning when I saw my favorite star on the street.)2. Она гром и молния, когда узнала, что ее партнер выиграл крупную сумму денег в лотерее. (She was struck by thunder and lightning when she found out that her partner had won a large sum of money in the lottery.)3. Он гром и молния, когда увидел, что его друг купил новый дом. (He was struck by thunder and lightning when he saw that his friend had bought a new house.)4. Мы гром и молния, когда увидели, что наша команда выиграла чемпионат. (We were struck by thunder and lightning when we saw that our team had won the championship.)5. У нас в семье гром и молния, когда мы увидели, что наша дочь получила отличную оценку на экзамене. (In our family, we were struck by thunder and lightning when we saw that our daughter had received an excellent grade on her exam.)6. Она гром и молния, когда узнала, что ее мама подарила ей новый автомобиль. (She was struck by thunder and lightning when she found out that her mother had given her a new car.)7. Он гром и молния, когда увидел, что его сосед создал новый рекорд в марафоне. (He was struck by thunder and lightning when he saw that his neighbor had set a new record in the marathon.)8. Мы гром и молния, когда увидели, что наша страна выиграла приз за лучший фильм на кинофестивале. (We were struck by thunder and lightning when we saw that our country had won the prize for the best film at the film festival.)9. У нас в команде гром и молния, когда мы увидели, что наша новая продукция стала бестселлером. (In our team, we were struck by thunder and lightning when we saw that our new product had become a bestseller.)10. Она гром и молния, когда узнала, что ее парень сделал ее любимый обед. (She was struck by thunder and lightning when she found out that her boyfriend had made her favorite meal.)11. Он гром и молния, когда увидел, что его друг смог решить сложную задачу. (He was struck by thunder and lightning when he saw that his friend had solved a difficult problem.)12. Мы гром и молния, когда увидели, что наша племянница получила премию за свою научную работу. (We were struck by thunder and lightning when we saw that our niece had received a prize for her scientific work.)",,,,,
впиваться глазами,"1. Она впивалась глазами в его лицо, когда он говорил о своей любви к ней. (She pierced him with her eyes when he spoke about his love for her.)2. Он впивался глазами в ее руки, когда она играла на пианино. (He stared intently at her hands when she played the piano.)3. Мы впивались глазами в нашу новую дом, когда мыfirst saw it. (We stared intently at our new home when we first saw it.)4. У нас в семье впиваться глазами, когда мы обсуждаем нашу стратегию. (In our family, we stare intently at each other when we discuss our strategy.)5. Она впивалась глазами в его голос, когда он поет. (She pierced him with her eyes when he sang.)6. Он впивался глазами в ее улыбку, когда она рассказывала о своей новой работе. (He stared intently at her smile when she talked about her new job.)7. Мы впивались глазами в нашу новую машину, когда мы ее купили. (We stared intently at our new car when we bought it.)8. У нас в команде впиваться глазами, когда мы обсуждаем нашу тактику. (In our team, we stare intently at each other when we discuss our tactics.)9. Она впивалась глазами в его одежду, когда он пришел на встречу. (She pierced him with her eyes when he came to the meeting.)10. Он впивался глазами в ее книги, когда она читала. (He stared intently at her books when she was reading.)11. Мы впивались глазами в нашу новую квартиру, когда мы ее посетили. (We stared intently at our new apartment when we visited it.)12. У нас в семье впиваться глазами, когда мы обсуждаем нашу финансовую ситуацию. (In our family, we stare intently at each other when we discuss our financial situation.)13. Она впивалась глазами в его рисунок, когда он показывал ей свои работы. (She pierced him with her eyes when he showed her his drawings.)14. Он впивался глазами в ее фотографии, когда она показывала ему свои снимки. (He stared intently at her photos when she showed them to him.)15. Мы впивались глазами в нашу новую технику, когда мы ее испытывали. (We stared intently at our new technology when we tested it.)",,,,,
остолбенеть от удивления,"1. Я был остолбенеть от удивления, когда увидел свою любимую звезду на улице. (I was struck dumb with surprise when I saw my favorite star on the street.)2. Она остолбенеть от удивления, когда узнала, что ее партнер выиграл крупную сумму денег в лотерее. (She was amazed when she found out that her partner had won a large sum of money in the lottery.)3. Он остолбенеть от удивления, когда увидел, что его друг купил новый дом. (He was amazed when he saw that his friend had bought a new house.)4. Мы остолбенеть от удивления, когда увидели, что наша команда выиграла чемпионат. (We were amazed when we saw that our team had won the championship.)5. У нас в семье остолбенеть от удивления, когда мы увидели, что наша дочь получила отличную оценку на экзамене. (In our family, we were amazed when we saw that our daughter had received an excellent grade on her exam.)6. Она остолбенеть от удивления, когда узнала, что ее мама подарила ей новый автомобиль. (She was amazed when she found out that her mother had given her a new car.)7. Он остолбенеть от удивления, когда увидел, что его сосед создал новый рекорд в марафоне. (He was amazed when he saw that his neighbor had set a new record in the marathon.)8. Мы остолбенеть от удивления, когда увидели, что наша страна выиграла приз за лучший фильм на кинофестивале. (We were amazed when we saw that our country had won the prize for the best film at the film festival.)9. У нас в команде остолбенеть от удивления, когда мы увидели, что наша новая продукция стала бестселлером. (In our team, we were amazed when we saw that our new product had become a bestseller.)10. Она остолбенеть от удивления, когда узнала, что ее парень сделал ее любимый обед. (She was amazed when she found out that her boyfriend had made her favorite meal.)11. Он остолбенеть от удивления, когда увидел, что его друг смог решить сложную задачу. (He was amazed when he saw that his friend had solved a difficult problem.)12. Мы остолбенеть от удивления, когда увидели, что наша племянница получила премию за свою научную работу. (We were amazed when we saw that our niece had received a prize for her scientific work.)",,,,,
возвышать голос,"1. Я возвысил свой голос, чтобы предупредить их о опасности. (I raised my voice to warn them of the danger.)2. Она возвысила свой голос, чтобы выразить свое недовольство. (She raised her voice to express her dissatisfaction.)3. Он возвысил свой голос, чтобы привлечь внимание к своей точке зрения. (He raised his voice to draw attention to his point of view.)4. Мы возвысили свои голоса, чтобы протестовать против несправедливости. (We raised our voices to protest against injustice.)5. У нас в семье всегда возвышают голоса, когда мы обсуждаем важные вопросы. (In our family, we always raise our voices when discussing important issues.)6. Она возвысила свой голос, чтобы прервать неприятный момент. (She raised her voice to interrupt an unpleasant moment.)7. Он возвысил свой голос, чтобы отвлечься от проблем. (He raised his voice to distract himself from his problems.)8. Мы возвысили свои голоса, чтобы выразить свою радость. (We raised our voices to express our joy.)9. У нас в команде всегда возвышают голоса, когда мы празднуем успехи. (In our team, we always raise our voices when celebrating successes.)10. Она возвысила свой голос, чтобы привлечь внимание к своей проблеме. (She raised her voice to draw attention to her problem.)11. Он возвысил свой голос, чтобы выразить свое не согласие. (He raised his voice to express his disagreement.)12. Мы возвысили свои голоса, чтобы заставить их слушать нас. (We raised our voices to make them listen to us.)13. У нас в семье возвышают голоса, когда мы обсуждаем нашу будущность. (In our family, we raise our voices when discussing our future.)14. Она возвысила свой голос, чтобы предотвратить конфликт. (She raised her voice to prevent a conflict.)15. Он возвысил свой голос, чтобы выразить свое беспокойство. (He raised his voice to express his anxiety.)16. Мы возвысили свои голоса, чтобы выразить свою признательность. (We raised our voices to express our gratitude.)17. У нас в команде всегда возвышают голоса, когда мы обсуждаем нашу стратегию. (In our team, we always raise our voices when discussing our strategy.)18. Она возвысила свой голос, чтобы привлечь внимание к своей идее. (She raised her voice to draw attention to her idea.)19. Он возвысил свой голос, чтобы выразить свое недовольство с ситуацией. (He raised his voice to express his dissatisfaction with the situation.)",,,,,
нет ни одной копейки,"1. Я не имею ни одной копейки, я должен найти работу, чтобы платить за свою жизнь. (I don't have a single penny, I need to find a job to pay for my life.)2. Она не может покинуть свою работу, потому что у нее нет ни одной копейки для жизненных расходов. (She can't quit her job because she doesn't have a single penny for living expenses.)3. Он не может заплатить за свою кредитную карточку, у него нет ни одной копейки. (He can't pay for his credit card, he doesn't have a single penny.)4. Мы не можем поехать на каникулы, у нас нет ни одной копейки для путешествия. (We can't go on vacation, we don't have a single penny for travel.)5. У нас в семье нет ни одной копейки на покупку новых одеял, мы должны носить старые. (In our family, we don't have a single penny to buy new clothes, we have to wear old ones.)6. Она не может купить новый компьютер, у нее нет ни одной копейки. (She can't buy a new computer, she doesn't have a single penny.)7. Он не может заплатить за свои лекарства, у него нет ни одной копейки. (He can't pay for his medication, he doesn't have a single penny.)8. Мы не можем платить за нашу аренду, у нас нет ни одной копейки. (We can't pay for our rent, we don't have a single penny.)9. У нас в команде нет ни одной копейки на покупку новой техники, мы должны использовать старую. (In our team, we don't have a single penny to buy new technology, we have to use old ones.)10. Она не может покинуть свою работу, потому что у нее нет ни одной копейки для жизненных расходов. (She can't quit her job because she doesn't have a single penny for living expenses.)11. Он не может заплатить за свою кредитную карточку, у него нет ни одной копейки. (He can't pay for his credit card, he doesn't have a single penny.)12. Мы не можем поехать на каникулы, у нас нет ни одной копейки для путешествия. (We can't go on vacation, we don't have a single penny for travel.)",,,,,
надоесть как редька,"1. Я надоела от этой работы, я хочу перемен! (I've had enough of this job, I want a change!)2. Он надоел от своей жены, он хочет развод. (He's had enough of his wife, he wants a divorce.)3. У нас надоело от постоянных проблем с электричеством в нашем доме. (We've had enough of the constant electricity problems in our home.)4. Она надоела от своих детей, они всегда создают проблемы. (She's had enough of her children, they're always causing trouble.)5. Мы надоели от постоянных звонков и сообщений на работе. (We've had enough of the constant calls and messages at work.)6. Он надоел от своей работы, он хочет уйти на пенсию. (He's had enough of his job, he wants to retire.)7. Я надоела от этого города, я хочу переехать в другой город. (I've had enough of this city, I want to move to another city.)8. Они надоели от постоянных конфликтов в их отношениях. (They've had enough of the constant conflicts in their relationship.)9. У нас надоело от постоянных затрат на жизнь в этом городе. (We've had enough of the constant expenses of living in this city.)10. Он надоел от своей должности, он хочет стать свободным человеком. (He's had enough of his position, he wants to be a free man.)11. Мы надоели от постоянных проблем с нашими соседями. (We've had enough of the constant problems with our neighbors.)12. Она надоела от своей работы, она хочет уйти на пенсию. (She's had enough of her job, she wants to retire.)13. Он надоел от постоянных звонков и сообщений от его бывшей девушки. (He's had enough of the constant calls and messages from his ex-girlfriend.)14. У нас надоело от постоянных проблем с нашими автомобилями. (We've had enough of the constant problems with our cars.)15. Они надоели от постоянных проблем с их здоровьем. (They've had enough of the constant health problems.)16. Я надоела от постоянных проблем с моим боссом. (I've had enough of the constant problems with my boss.)17. Он надоел от постоянных проблем с его деловой деятельностью. (He's had enough of the constant problems with his business.)18. Мы надоели от постоянных проблем с нашими кредиторами. (We've had enough of the constant problems with our creditors.)19. Она надоела от постоянных проблем с ее мамой.()",,,,,
из капли океана,"1. Этот проект - только из капли океана, но он может помочь решить большую проблему. (This project is just a drop in the ocean, but it can help solve a big problem.)2. Я пожертвовал 1000 рублей на благотворительность, но это только из капли океана в сравнении с тем, что нужно сделать. (I donated 1000 rubles to charity, but it's just a drop in the ocean compared to what needs to be done.)3. У нас в компании новый руководитель, но он не может решить все проблемы самостоятельно, это только из капли океана. (We have a new manager at our company, but he can't solve all the problems alone, it's just a drop in the ocean.)4. Она попыталась помочь беднякам, но ее помощь была только из капли океана в сравнении с тем, что они действительно нуждаются. (She tried to help the poor, but her help was just a drop in the ocean compared to what they really need.)5. Этот новый закон не решит проблему с загрязнением воздуха, это только из капли океана. (This new law won't solve the problem of air pollution, it's just a drop in the ocean.)6. Я смог собрать только 10000 рублей на операцию для моего друга, но это только из капли океана в сравнении с тем, что нужно для его лечения. (I could only gather 10,000 rubles for my friend's operation, but it's just a drop in the ocean compared to what he needs for his treatment.)7. У нас в городе новый сервис для утилизации мусора, но это только из капли океана в сравнении с тем, что нужно сделать, чтобы решить эту проблему. (We have a new waste disposal service in our city, but it's just a drop in the ocean compared to what needs to be done to solve the problem.)8. Она попробовала помочь бездомным, но ее усилия были только из капли океана в сравнении с тем, что они действительно нуждаются. (She tried to help the homeless, but her efforts were just a drop in the ocean compared to what they really need.)9. Этот новый продукт может помочь решить проблему с загрязнением воды, но это только из капли океана. (This new product may help solve the problem of water pollution, but it's just a drop in the ocean.)10. Я не могу решить эту проблему самостоятельно, это только из капли океана. (I can't solve this problem on my own, it's just a drop in the ocean.)11. У нас в компании новый проект для помощи детям, но это только из капли океана в сравнении с тем, что нужно сделать. ()",,,,,
попасть на след,"1. Я попал на след своей жены, когда она постоянно звонила мне на работу. (I got on my wife's nerves when she kept calling me at work.)2. Он попал на след своего босса, когда он не мог выполнить его требования. (He got on his boss's nerves when he couldn't meet his demands.)3. У нас в семье постоянно попадаем на след друг другу, но мы всегда находим способ разобраться. (We always get on each other's nerves in our family, but we always find a way to work it out.)4. Она попала на след своей матери, когда она не могла выполнить ее требования. (She got on her mother's nerves when she couldn't meet her demands.)5. Мы попали на след нашего соседа, когда он постоянно играл на своей гитаре late at night. (We got on our neighbor's nerves when he constantly played his guitar late at night.)6. Он попал на след своей девушки, когда он не мог понять ее эмоции. (He got on his girlfriend's nerves when he couldn't understand her emotions.)7. У нас в команде постоянно попадаем на след друг другу, но мы всегда найдем способ преодолеть разногласия. (We always get on each other's nerves in our team, but we always find a way to overcome our differences.)8. Она попала на след своей сестры, когда она не могла использовать ее машину. (She got on her sister's nerves when she couldn't use her car.)9. Мы попали на след нашего босса, когда мы не могли выполнить его задачи. (We got on our boss's nerves when we couldn't complete his tasks.)10. Он попал на след своей коллеги, когда он не мог понять ееpoint of view. (He got on his colleague's nerves when he couldn't understand her point of view.)11. У нас в семье постоянно попадаем на след друг другу, но мы всегда найдем способ преодолеть разногласия. (We always get on each other's nerves in our family, but we always find a way to overcome our differences.)12. Она попала на след своей матери, когда она не могла выполнить ее требования. (She got on her mother's nerves when she couldn't meet her demands.)13. Мы попали на след нашего соседа, когда он постоянно пытался нарушить нашу приватность. (We got on our neighbor's nerves when he constantly tried to violate our privacy.)14. Он попал на след своей девушки, когда он не мог понять ее чувства. (He got on his girlfriend's nerves when he couldn't understand her feelings.)",,,,,
вкушать плоды,"1. Я вкушаю плоды моей работы, когда вижу, что мои клиенты счастливы. (I taste the fruits of my work when I see that my clients are happy.)2. Она вкушает плоды своего таланта, когда люди хвалят ее за ее картины. (She tastes the fruits of her talent when people praise her for her paintings.)3. Он вкушает плоды своей упорной работы, когда видит, что его дело процветает. (He tastes the fruits of his hard work when he sees that his business is thriving.)4. Мы вкушаем плоды нашей дружбы, когда нашими друзьями достигаем цели. (We taste the fruits of our friendship when we achieve a goal together with our friends.)5. У нас в семье вкушаем плоды нашей традиции, когда мы готовим традиционные блюда. (In our family, we taste the fruits of our tradition when we cook traditional dishes.)6. Она вкушает плоды своей успешной карьеры, когда получает повышение. (She tastes the fruits of her successful career when she gets a promotion.)7. Он вкушает плоды своей умной инвестиции, когда видит, что его деньги приносят прибыль. (He tastes the fruits of his smart investment when he sees that his money is making a profit.)8. Мы вкушаем плоды нашей научной работы, когда мы получаем результаты наших исследований. (We taste the fruits of our scientific work when we receive the results of our research.)9. У нас в команде вкушаем плоды нашей победы, когда мы выигрываем турнир. (In our team, we taste the fruits of our victory when we win a tournament.)10. Она вкушает плоды своей мудрости, когда ее советы помогают людям. (She tastes the fruits of her wisdom when her advice helps people.)11. Он вкушает плоды своей храбрости, когда рискует всем заради своей цели. (He tastes the fruits of his courage when he risks everything for his goal.)12. Мы вкушаем плоды нашей дружбы, когда вместе переживаем трудные моменты. (We taste the fruits of our friendship when we go through tough times together.)13. У нас в семье вкушаем плоды нашей традиции, когда мы празднуем свои праздники. (In our family, we taste the fruits of our tradition when we celebrate our holidays.)14. Она вкушает плоды своей талантливости, когда ее музыкальные композиции получают признание. (She tastes the fruits of her talent when her musical compositions receive recognition.)",,,,,
покраснеть как рак,"1. Я покраснел как рак, когда моя бывшая девушка увидела меня с новой девушкой. (I blushed like a lobster when my ex-girlfriend saw me with a new girl.)2. Она покраснела как рак, когда ее застали за тем, что она пыталась украсть конфеты из магазина. (She blushed like a lobster when she was caught trying to steal candy from a store.)3. Он покраснел как рак, когда он понял, что его ошибка привела к большой убыли для компании. (He blushed like a lobster when he realized that his mistake had caused a large loss for the company.)4. Мы покраснели как рак, когда наши друзья увидели нас в очень забавной ситуации. (We blushed like lobsters when our friends saw us in a very funny situation.)5. У нас в семье покраснеть как рак, когда мы обсуждаем нашу неудачу. (In our family, we blush like lobsters when we discuss our failure.)6. Она покраснела как рак, когда ее друзья застали ее за тем, что она плакала из-за фильма. (She blushed like a lobster when her friends caught her crying while watching a movie.)7. Он покраснел как рак, когда он понял, что он забыл о своем важном мероприятии. (He blushed like a lobster when he realized that he had forgotten about his important event.)8. Мы покраснели как рак, когда наши коллеги увидели нас в очень неловкой ситуации. (We blushed like lobsters when our colleagues saw us in a very awkward situation.)9. У нас в команде покраснеть как рак, когда мы проиграли важный матч. (In our team, we blush like lobsters when we lose an important game.)10. Она покраснела как рак, когда ее мама застала ее за тем, что она обсуждала свои интимные отношения с парнем. (She blushed like a lobster when her mom caught her discussing her intimate relationships with a guy.)11. Он покраснел как рак, когда он понял, что он сделал ошибку в своей важной презентации. (He blushed like a lobster when he realized that he had made a mistake in his important presentation.)12. Мы покраснели как рак, когда наши друзья увидели нас в очень забавном видео. (We blushed like lobsters when our friends saw us in a very funny video.)13. У нас в семье покраснеть как рак, когда мы обсуждаем нашу неудачу в шутливой манере. (In our family, we blush like lobsters when we discuss our failure in a play)",,,,,
из мухи делать слона,"1. Она из мухи делала слона, когда обнаружила, что ее мужчина имел relations с другой женщиной. (She made a mountain out of a molehill when she found out her husband had relations with another woman.)2. Он из мухи делал слона, когда его друг не пришел на встречу. (He made a mountain out of a molehill when his friend didn't show up for a meeting.)3. Едва из мухи делала слона, она попала в больницу из-за незначительного боли в ноге. (Hardly making a mountain out of a molehill, she ended up in the hospital because of a minor pain in her leg.)4. Он из мухи делал слона, когда его сосед попросил у него тарелку сахара. (He made a mountain out of a molehill when his neighbor asked him for a spoonful of sugar.)5. Она из мухи делала слона, когда ее босс попросил ее остаться на работе дольше. (She made a mountain out of a molehill when her boss asked her to stay longer at work.)6. Едва из мухи делал слона, он попал в судебный процесс из-за небольшой суммы денег. (Hardly making a mountain out of a molehill, he ended up in a lawsuit over a small amount of money.)7. Она из мухи делала слона, когда ее друг не поздоровался с ней на улице. (She made a mountain out of a molehill when her friend didn't greet her on the street.)8. Он из мухи делал слона, когда его коллега не согласился с ним на работе. (He made a mountain out of a molehill when his colleague didn't agree with him at work.)9. Едва из мухи делала слона, она попала в конфликт с соседями из-за шума. (Hardly making a mountain out of a molehill, she ended up in a conflict with her neighbors over noise.)10. Он из мухи делал слона, когда его мама попросила его помочь с ужином. (He made a mountain out of a molehill when his mom asked him to help with dinner.)11. Она из мухи делала слона, когда ее парень не похвалил ее новый наряд. (She made a mountain out of a molehill when her boyfriend didn't compliment her new outfit.)12. Едва из мухи делал слона, он попал в сложную ситуацию из-за небольшого заимствования. (Hardly making a mountain out of a molehill, he ended up in a difficult situation because of a small loan.)13. Она из мухи делала слона, когда ее босс не дал ей дня отдыха. (She made a mountain out of a molehill when her boss didn't give her a day off.)14. Он из мухи делал слона, когда его друг не пришел на его день рождения. (He made a mountain out of a mole)",,,,,
едва переставлять ноги,"1. Она была так утомлена, что едва переставляла ноги, чтобы пойти домой. (She was so tired that she could hardly move her legs to go home.)2. Он был так счастлив, что едва переставлял ноги, чтобы танцевать от радости. (He was so happy that he could hardly move his legs to dance with joy.)3. Едва переставляла ноги, она попала в автобус и упала на место. (Hardly able to move her legs, she got on the bus and fell into a seat.)4. Он едва переставлял ноги, чтобы дойти до кафе и купить бутерброд. (He could hardly move his legs, but he managed to make it to the café and buy a sandwich.)5. Она едва переставляла ноги, чтобы дойти до дома, а то ее бы раздавили на улице. (She could hardly move her legs, but she managed to make it home before she got run over on the street.)6. Едва переставлял ноги, он попал в магазин и купил новую пару обуви. (Hardly able to move his legs, he made it to the store and bought a new pair of shoes.)7. Она едва переставляла ноги, чтобы дойти до офиса и закрыть сделку. (She could hardly move her legs, but she managed to make it to the office and close the deal.)8. Он едва переставлял ноги, чтобы дойти до парка и погулять со своим псом. (He could hardly move his legs, but he managed to make it to the park and take his dog for a walk.)9. Едва переставляла ноги, она попала в театр и наслаждалась представлением. (Hardly able to move her legs, she made it to the theater and enjoyed the performance.)10. Он едва переставлял ноги, чтобы дойти до библиотеки и вернуть книгу. (He could hardly move his legs, but he managed to make it to the library and return the book.)11. Она едва переставляла ноги, чтобы дойти до магазина и купить подарки для друзей. (She could hardly move her legs, but she managed to make it to the store and buy gifts for her friends.)12. Едва переставлял ноги, он попал в ресторан и наслаждался вкусной едой. (Hardly able to move his legs, he made it to the restaurant and enjoyed a delicious meal.)13. Она едва переставляла ноги, чтобы дойти до дома, а то ее бы забыли на улице. (She could hardly move her legs, but she managed to make it home before she got forgotten on the street.)14. Он едва переставлял ноги, чтобы дойти до станции и сесть на поезд. (He could hardly move his legs, but he managed to make it to the station and get on the train.)",,,,,
мелькнуло в уме,"1. Она вдруг поняла, что ее забыли на праздновании, и это мелькнуло в уме как оскорбление. (She suddenly realized that she was forgotten at the celebration, and this flashed in her mind like an insult.)2. Он мелькнул в уме, что его ошибка могла стоить компании много денег. (He suddenly realized that his mistake could cost the company a lot of money.)3. Едва мелькнуло в уме, она поняла, что ее любовь к нему была напрасной. (Hardly had it flashed in her mind, she realized that her love for him was futile.)4. Он мелькнул в уме, что он забыл о важном мероприятии, и это вызвало у него тревогу. (He suddenly realized that he had forgotten an important event, and this caused him anxiety.)5. Мелькнуло в уме, что ее друг была в опасности, и она решила ее спасти. (It flashed in her mind that her friend was in danger, and she decided to save her.)6. Он мелькнул в уме, что он мог бы выиграть в лотерею, если бы он купил билет. (He suddenly realized that he could have won the lottery if he had bought a ticket.)7. Едва мелькнуло в уме, она поняла, что ее решение было ошибкой. (Hardly had it flashed in her mind, she realized that her decision was a mistake.)8. Он мелькнул в уме, что он не мог жить без своей любви. (He suddenly realized that he couldn't live without his loved one.)9. Мелькнуло в уме, что ее босс был недоволен ее работой, и она решила улучшить свою производительность. (It flashed in her mind that her boss was dissatisfied with her work, and she decided to improve her productivity.)10. Он мелькнул в уме, что он забыл о своих обязательствах и решил их выполнить. (He suddenly realized that he had forgotten his obligations and decided to fulfill them.)11. Едва мелькнуло в уме, она поняла, что ее сестра была в трудной ситуации и решила ее помочь. (Hardly had it flashed in her mind, she realized that her sister was in a difficult situation and decided to help her.)12. Он мелькнул в уме, что он мог бы сделать больше, чтобы помочь своей семье. (He suddenly realized that he could have done more to help his family.)13. Мелькнуло в уме, что ее друг был в беде, и она решила ему помочь. (It flashed in her mind that her friend was in trouble, and she decided to help him.)",,,,,
дрожать как лист,"1. Она дрожала как лист, когда он сказал, что ее любовь к нему была напрасной. (She trembled like a leaf when he said that her love for him was futile.)2. Он дрожал как лист, когда узнал, что его ошибка могла стоить компании много денег. (He trembled like a leaf when he found out that his mistake could cost the company a lot of money.)3. Едва дрожало в уме, она поняла, что ее решение было ошибкой. (Hardly had it trembled in her mind, she realized that her decision was a mistake.)4. Он дрожал как лист, когда его друг не пришел на его день рождения. (He trembled like a leaf when his friend didn't come to his birthday party.)5. Мелькнуло в уме, что ее друг была в опасности, и она решила ее спасти, дрожая как лист. (It flashed in her mind that her friend was in danger, and she decided to save her, trembling like a leaf.)6. Он дрожал как лист, когда он проходил экзамены, чтобы получить степень. (He trembled like a leaf when he took the exams to get his degree.)7. Едва дрожало в уме, она поняла, что ее сестра была в трудной ситуации и решила ее помочь. (Hardly had it trembled in her mind, she realized that her sister was in a difficult situation and decided to help her.)8. Он дрожал как лист, когда он слышал, что его босс был недоволен его работой. (He trembled like a leaf when he heard that his boss was dissatisfied with his work.)9. Мелькнуло в уме, что ее друг был в беде, и она решила ему помочь, дрожая как лист. (It flashed in her mind that her friend was in trouble, and she decided to help him, trembling like a leaf.)10. Он дрожал как лист, когда он узнал, что его мама имела серьезную болезнь. (He trembled like a leaf when he found out that his mom had a serious illness.)11. Едва дрожало в уме, она поняла, что ее решение было ошибкой, и решила исправить его. (Hardly had it trembled in her mind, she realized that her decision was a mistake, and decided to correct it.)12. Он дрожал как лист, когда он смог купить дом, который всегда хотел. (He trembled like a leaf when he was able to buy)",,,,,
до поры до времени,"1. Она до поры до времени ждала его возвращения с войны. (She waited for his return from the war until the time came.)2. Он до поры до времени работал на factory, пока не ушел на пенсию. (He worked at the factory until the time came when he retired.)3. Едва до поры до времени она поняла, что ее любовь к нему была напрасной. (Hardly had it come to her until the time came when she realized that her love for him was futile.)4. До поры до времени он не мог жить без своей любви. (Until the time came, he couldn't live without his loved one.)5. Мелькнуло в уме, что ее друг был в опасности, и она решила ее спасти до поры до времени. (It flashed in her mind that her friend was in danger, and she decided to save her until the time came.)6. Он до поры до времени проходил обучение, чтобы стать успешным в жизни. (He studied until the time came when he became successful in life.)7. Едва до поры до времени она поняла, что ее решение было ошибкой. (Hardly had it come to her until the time came when she realized that her decision was a mistake.)8. До поры до времени он не мог найти работу, и это было для него очень трудным. (Until the time came, he couldn't find a job, and this was very difficult for him.)9. Мелькнуло в уме, что ее босс был недоволен ее работой, и она решила улучшить свою производительность до поры до времени. (It flashed in her mind that her boss was dissatisfied with her work, and she decided to improve her productivity until the time came.)10. Он до поры до времени работал на нескольких работах, чтобы обеспечить себе жизнь. (He worked at several jobs until the time came when he could provide for himself.)11. Едва до поры до времени она поняла, что ее сестра была в трудной ситуации и решила ее помочь. (Hardly had it come to her until the time came when she realized that her sister was in a difficult situation and decided to help her.)12. До поры до времени он не мог сделать больше, чтобы помочь своей семье. (Until the time came, he couldn't do more to help his family.)13. Мелькнуло в уме, что ее друг был в беде, и она решила ему помочь до поры до времени. (It flashed in her mind that her friend was in trouble, and she decided to help him until the time came.)14. Он до поры до времени жил в маленькой квартире, пока не смог купить дом. (He lived in a small apartment until the time came when he could afford to buy a house.)15. Едва до поры до времени она поняла, что ее решение было ошибкой, и решила исправить его. (Hardly had it come)",,,,,
ни живой души,"1. В пустоши, где ни живой души, он ощущал себя одиноким и беспомощным. (In the wilderness, where there wasn't a single living soul, he felt lonely and helpless.)2. Она ни живой души не обнаружила в доме, когда пришла домой. (She didn't find a single living soul in the house when she came home.)3. Он ни живой души не встретил на дороге, когда шёл на работу. (He didn't meet a single living soul on the road when he was going to work.)4. В тёмном лесу ни живой души не было, и она чувствовала себя напуганной. (In the dark forest, there wasn't a single living soul, and she felt scared.)5. Мелькнуло в уме, что ее друг ни живой души не был в беде, и она решила ее спасти. (It flashed in her mind that her friend wasn't in trouble, and she decided to save her.)6. Он ни живой души не обнаружил в поисках, когда искал свою пропавшую кошку. (He didn't find a single living soul in his searches when he was looking for his missing cat.)7. Едва ни живой души она поняла, что ее решение было ошибкой. (Hardly had it occurred to her that her decision was a mistake.)8. Он ни живой души не встретил на улице, когда вышел из дома. (He didn't meet a single living soul on the street when he left the house.)9. Мелькнуло в уме, что ее босс ни живой души не был доволен ее работой, и она решила улучшить свою производительность. (It flashed in her mind that her boss wasn't satisfied with her work, and she decided to improve her productivity.)10. Он ни живой души не обнаружил в поисках, когда искал работу. (He didn't find a single living soul in his searches when he was looking for a job.)11. Едва ни живой души она поняла, что ее сестра была в трудной ситуации и решила ее помочь. (Hardly had it occurred to her that her sister was in a difficult situation, and she decided to help her.)12. Он ни живой души не встретил на море, когда ходил на рыбалку. (He didn't meet a single living soul on the sea when he went fishing.)13. Мелькнуло в уме, что ее друг ни живой души не был в беде, и она решила ему помочь. (It flashed in her mind that her friend wasn't in trouble, and she decided to help him.)14. Он ни живой души не обнаружил в поисках, когда искал свою пропавшую дочь. (He didn't find a single living soul in his searches when he was looking for his missing daughter.)",,,,,
дело тёмное,"1. Она не могла понять, что ее друг был в беде, и решила ее спасти, дело тёмное. (She couldn't understand that her friend was in trouble, and decided to save her, a dark affair.)2. Он не знал, что его ошибка могла стоить компании много денег, дело тёмное. (He didn't know that his mistake could cost the company a lot of money, a dark affair.)3. Едва дело тёмное она поняла, что ее решение было ошибкой. (Hardly had it occurred to her that her decision was a mistake, a dark affair.)4. Он дело тёмное не мог найти работу, и это было для него очень трудным. (He couldn't find a job, a dark affair, and this was very difficult for him.)5. Мелькнуло в уме, что ее друг был в опасности, и она решила ее спасти, дело тёмное. (It flashed in her mind that her friend was in danger, and she decided to save her, a dark affair.)6. Он дело тёмное не мог жить без своей любви. (He couldn't live without his loved one, a dark affair.)7. Едва дело тёмное она поняла, что ее сестра была в трудной ситуации и решила ее помочь. (Hardly had it occurred to her that her sister was in a difficult situation, and she decided to help her, a dark affair.)8. Он дело тёмное не мог сделать больше, чтобы помочь своей семье. (He couldn't do more to help his family, a dark affair.)9. Мелькнуло в уме, что ее босс был недоволен ее работой, и она решила улучшить свою производительность, дело тёмное. (It flashed in her mind that her boss was dissatisfied with her work, and she decided to improve her productivity, a dark affair.)10. Он дело тёмное не мог найти работу, и это было для него очень трудным. (He couldn't find a job, a dark affair, and this was very difficult for him.)11. Едва дело тёмное она поняла, что ее решение было ошибкой, и решила исправить его. (Hardly had it occurred to her that her decision was a mistake, and she decided to correct it, a dark affair.)12. Он дело тёмное не мог сделать больше, чтобы помочь своей семье. (He couldn't do more to help his family, a dark affair.)13. Мелькнуло в уме, что ее друг был в беде, и она решила ему помочь, дело тёмное. (It flashed in her mind that her friend was in trouble, and she decided to help him, a dark affair.)14. Он дело тёмное не мог жить без своей любви. (He couldn't live without his loved one, a dark affair.)",,,,,
на каждом шагу,"1. Она на каждом шагу чувствовала себя одинокой и беспомощной. (She felt lonely and helpless at every step.)2. Он на каждом шагу сталкивался с трудностями, но не сдавался. (He faced difficulties at every step, but never gave up.)3. Едва на каждом шагу она понимала, что ее решение было ошибкой. (Hardly had it occurred to her at every step that her decision was a mistake.)4. Он на каждом шагу учился, чтобы стать лучше в своей работе. (He learned at every step to become better at his job.)5. Мелькнуло в уме, что ее друг на каждом шагу был в опасности, и она решила ее спасти. (It flashed in her mind that her friend was in danger at every step, and she decided to save her.)6. Он на каждом шагу жил в страхе, что его ошибка могла стоить компании много денег. (He lived in fear at every step that his mistake could cost the company a lot of money.)7. Едва на каждом шагу она поняла, что ее сестра была в трудной ситуации и решила ее помочь. (Hardly had it occurred to her at every step that her sister was in a difficult situation, and she decided to help her.)8. Он на каждом шагу не мог найти работу, и это было для него очень трудным. (He couldn't find a job at every step, and this was very difficult for him.)9. Мелькнуло в уме, что ее босс на каждом шагу был недоволен ее работой, и она решила улучшить свою производительность. (It flashed in her mind that her boss was dissatisfied with her work at every step, and she decided to improve her productivity.)10. Он на каждом шагу не мог сделать больше, чтобы помочь своей семье. (He couldn't do more at every step to help his family.)11. Едва на каждом шагу она поняла, что ее решение было ошибкой, и решила исправить его. (Hardly had it occurred to her at every step that her decision was a mistake, and she decided to correct it.)12. Он на каждом шагу не мог жить без своей любви. (He couldn't live without his loved one at every step.)13. Мелькнуло в уме, что ее друг на каждом шагу был в беде, и она решила ему помочь. (It flashed in her mind that her friend was in trouble at every step, and she decided to help him.)14. Он на каждом шагу учился, чтобы стать лучше в своей работе. (He learned at every step to become better at his job.)",,,,,
в глаза смеяться,"1. Она в глаза смеялась, когда он говорил ей комплименты. (She smiled into his eyes when he gave her compliments.)2. Он в глаза смеялся, когда она сказала, что он был очень умным. (He smiled into her eyes when she said he was very smart.)3. Едва в глаза смеялась, она поняла, что ее решение было ошибкой. (Hardly had it occurred to her that her decision was a mistake, and she smiled into his eyes.)4. Он в глаза смеялся, когда они оба понимали, что их любовь была невозможна. (He smiled into her eyes when they both realized that their love was impossible.)5. Мелькнуло в уме, что ее друг в глаза смеялся, когда она говорила о своей любви. (It flashed in her mind that her friend was smiling into her eyes when she talked about her love.)6. Он в глаза смеялся, когда она сказала, что он был лучшим в ее жизни. (He smiled into her eyes when she said he was the best in her life.)7. Едва в глаза смеялась, она поняла, что ее сестра была в трудной ситуации и решила ее помочь. (Hardly had it occurred to her that her sister was in a difficult situation, and she smiled into her eyes.)8. Он в глаза смеялся, когда они оба понимали, что их дружба была невозможна. (He smiled into her eyes when they both realized that their friendship was impossible.)9. Мелькнуло в уме, что ее босс в глаза смеялся, когда она говорила о своей работе. (It flashed in her mind that her boss was smiling into her eyes when she talked about her work.)10. Он в глаза смеялся, когда она сказала, что он был очень талантливым. (He smiled into her eyes when she said he was very talented.)11. Едва в глаза смеялась, она поняла, что ее решение было ошибкой, и решила исправить его. (Hardly had it occurred to her that her decision was a mistake, and she smiled into his eyes.)12. Он в глаза смеялся, когда они оба понимали, что их любовь была невозможна. (He smiled into her eyes when they both realized that their love was impossible.)13. Мелькнуло в уме, что ее друг в глаза смеялся, когда она говорила о своей любви. (It flashed in her mind that her friend was smiling into her eyes when she talked about her love.)14. Он в глаза смеялся, когда она сказала, что он был лучшим в ее жизни. (He smiled into her eyes when she said he was the best in her life.)",,,,,
закон не писан,"1. Она закон не писан, что ее решение было ошибкой. (She didn't realize that her decision was a mistake, the law is not written.)2. Он закон не писан, что его ошибка могла стоить компании много денег. (He didn't realize that his mistake could cost the company a lot of money, the law is not written.)3. Едва закон не писан, она поняла, что ее сестра была в трудной ситуации и решила ее помочь. (Hardly had it occurred to her that her sister was in a difficult situation, and she decided to help her, the law is not written.)4. Он закон не писан, что его друг был в беде, и решил ему помочь. (He didn't realize that his friend was in trouble, and he decided to help him, the law is not written.)5. Мелькнуло в уме, что ее босс закон не писан, что ее работа была неудовлетворительной. (It flashed in her mind that her boss didn't realize that her work was unsatisfactory, the law is not written.)6. Он закон не писан, что он не мог жить без своей любви. (He didn't realize that he couldn't live without his loved one, the law is not written.)7. Едва закон не писан, она поняла, что ее решение было ошибкой, и решила исправить его. (Hardly had it occurred to her that her decision was a mistake, and she decided to correct it, the law is not written.)8. Он закон не писан, что он не мог сделать больше, чтобы помочь своей семье. (He didn't realize that he couldn't do more to help his family, the law is not written.)9. Мелькнуло в уме, что ее друг закон не писан, что он был в беде, и она решила ему помочь. (It flashed in her mind that her friend didn't realize that he was in trouble, and she decided to help him, the law is not written.)10. Он закон не писан, что он не мог жить без своей любви. (He didn't realize that he couldn't live without his loved one, the law is not written.)11. Едва закон не писан, она поняла, что ее сестра была в трудной ситуации и решила ее помочь. (Hardly had it occurred to her that her sister was in a difficult situation, and she decided to help her, the law is not written.)12. Он закон не писан, что его ошибка могла стоить компании много денег. (He didn't realize that his mistake could cost the company a lot of money)",,,,,
прирасти к месту,"1. Я прирастил к месту, когда нашел свою цель в жизни. (I grew to the place when I found my purpose in life.)2. Она прирастила к месту, когда стала лидером команды. (She grew to the place when she became the leader of the team.)3. Он прирастил к месту, когда создал свой собственный бизнес. (He grew to the place when he started his own business.)4. Мы прирастили к месту, когда нашли свою идентичность. (We grew to the place when we found our identity.)5. Она прирастила к месту, когда стала известной актрисой. (She grew to the place when she became a famous actress.)6. Он прирастил к месту, когда создал свой собственный стиль. (He grew to the place when he developed his own style.)7. Мы прирастили к месту, когда нашли свою нишу в жизни. (We grew to the place when we found our niche in life.)8. Она прирастила к месту, когда стала успешной спортсменкой. (She grew to the place when she became a successful athlete.)9. Он прирастил к месту, когда создал свой собственный бренд. (He grew to the place when he created his own brand.)10. Мы прирастили к месту, когда нашли свою цель в жизни. (We grew to the place when we found our purpose in life.)11. Она прирастила к месту, когда стала лидером команды. (She grew to the place when she became the leader of the team.)12. Он прирастил к месту, когда стал известным музыкантом. (He grew to the place when he became a famous musician.)13. Мы прирастили к месту, когда нашли свой смысл жизни. (We grew to the place when we found our meaning in life.)14. Она прирастила к месту, когда стала известной моделью. (She grew to the place when she became a famous model.)15. Он прирастил к месту, когда создал свой собственный продукт. (He grew to the place when he created his own product.)16. Мы прирастили к месту, когда нашли свою цель в бизнесе. (We grew to the place when we found our goal in business.)17. Она прирастила к месту, когда стала успешной писательницей. (She grew to the place when she became a successful writer.)18. Он прирастил к месту, когда создал свой собственный проект. (He grew to the place when he created his own project.)19. Мы прирастили к месту, когда нашли свою нишу в бизнесе. (We grew to the place when we found our niche in business.)20. Она прирастила к месту, когда стала известной художницей. (She grew to the place when she became a famous artist.)",,,,,
доживать век,"1. Я доживаю век, чтобы достичь своих целей. (I'm living out my days to achieve my goals.)2. Она доживает век, чтобы стать успешной в бизнесе. (She's living out her days to become successful in business.)3. Он доживает век, чтобы создать свой собственный продукт. (He's living out his days to create his own product.)4. Мы доживаем век, чтобы найти свой путь в жизни. (We're living out our days to find our way in life.)5. Она доживает век, чтобы стать известной актрисой. (She's living out her days to become a famous actress.)6. Он доживает век, чтобы добиться успеха в спорте. (He's living out his days to achieve success in sports.)7. Мы доживаем век, чтобы найти свою идентичность. (We're living out our days to find our identity.)8. Она доживает век, чтобы стать успешной писательницей. (She's living out her days to become a successful writer.)9. Он доживает век, чтобы создать свой собственный бренд. (He's living out his days to create his own brand.)10. Мы доживаем век, чтобы найти свою нишу в жизни. (We're living out our days to find our niche in life.)11. Она доживает век, чтобы стать известным музыкантом. (She's living out her days to become a famous musician.)12. Он доживает век, чтобы добиться успеха в науке. (He's living out his days to achieve success in science.)13. Мы доживаем век, чтобы найти свой смысл жизни. (We're living out our days to find our meaning in life.)14. Она доживает век, чтобы стать успешной моделью. (She's living out her days to become a successful model.)15. Он доживает век, чтобы создать свой собственный проект. (He's living out his days to create his own project.)16. Мы доживаем век, чтобы найти свою цель в бизнесе. (We're living out our days to find our goal in business.)17. Она доживает век, чтобы стать известным художником. (She's living out her days to become a famous artist.)18. Он доживает век, чтобы добиться успеха в политике. (He's living out his days to achieve success in politics.)19. Мы доживаем век, чтобы найти свою нишу в бизнесе. (We're living out our days to find our niche in business.)20. Она доживает век, чтобы стать успешной спортсменкой. (She's living out her days to become a successful athlete.)",,,,,
не помнить себя,"1. Я не помню себя, когда я был ребенком. (I don't remember myself when I was a child.)2. Она не помнит себя, когда она была влюблена. (She doesn't remember herself when she was in love.)3. Он не помнит себя, когда он был молодым. (He doesn't remember himself when he was young.)4. Мы не помним себя, когда мы были студентами. (We don't remember ourselves when we were students.)5. Она не помнит себя, когда она занималась спортом. (She doesn't remember herself when she used to play sports.)6. Он не помнит себя, когда он работал на предыдущей работе. (He doesn't remember himself when he worked at his previous job.)7. Мы не помним себя, когда мы жили в другой стране. (We don't remember ourselves when we lived in another country.)8. Она не помнит себя, когда она была на вакациях. (She doesn't remember herself when she was on vacation.)9. Он не помнит себя, когда он занимался музыкой. (He doesn't remember himself when he used to play music.)10. Мы не помним себя, когда мы были в другой семье. (We don't remember ourselves when we were in another family.)11. Она не помнит себя, когда она была в школе. (She doesn't remember herself when she was in school.)12. Он не помнит себя, когда он служил в армии. (He doesn't remember himself when he served in the army.)13. Мы не помним себя, когда мы были в другом городе. (We don't remember ourselves when we were in another city.)14. Она не помнит себя, когда она была на свидании. (She doesn't remember herself when she was on a date.)15. Он не помнит себя, когда он занимался живописью. (He doesn't remember himself when he used to paint.)16. Мы не помним себя, когда мы были в другой жизни. (We don't remember ourselves when we were in another life.)17. Она не помнит себя, когда она была в театре. (She doesn't remember herself when she was in the theater.)18. Он не помнит себя, когда он играл в видеоигры. (He doesn't remember himself when he used to play video games.)19. Мы не помним себя, когда мы были в другом мире. (We don't remember ourselves when we were in another world.)20. Она не помнит себя, когда она была на пресс-конференции. (She doesn't remember herself when she was at a press conference.)",,,,,Generate 20 figurative sentences in Russian with this idiom:
высунуть язык,"1. Я высунул язык, когда увидел ее. (I stuck out my tongue when I saw her.)2. Она высунула язык, когда поцеловала его. (She stuck out her tongue when she kissed him.)3. Он высунул язык, когда сказал это. (He stuck out his tongue when he said that.)4. Мы высунули язык, когда увидели его. (We stuck out our tongues when we saw him.)5. Она высунула язык, когда позлила его. (She stuck out her tongue when she teased him.)6. Он высунул язык, когда смеялся над ней. (He stuck out his tongue when he laughed at her.)7. Мы высунули язык, когда слышали это. (We stuck out our tongues when we heard that.)8. Она высунула язык, когда он сказал ей. (She stuck out her tongue when he told her.)9. Он высунул язык, когда она поцеловала его. (He stuck out his tongue when she kissed him.)10. Мы высунули язык, когда он сказал нам. (We stuck out our tongues when he told us.)11. Она высунула язык, когда он смеялся над ней. (She stuck out her tongue when he laughed at her.)12. Он высунул язык, когда она позлила его. (He stuck out his tongue when she teased him.)13. Мы высунули язык, когда мы слышали это. (We stuck out our tongues when we heard that.)14. Она высунула язык, когда он сказал ей. (She stuck out her tongue when he told her.)15. Он высунул язык, когда она поцеловала его. (He stuck out his tongue when she kissed him.)16. Мы высунули язык, когда он сказал нам. (We stuck out our tongues when he told us.)17. Она высунула язык, когда он смеялся над ней. (She stuck out her tongue when he laughed at her.)18. Он высунул язык, когда она позлила его. (He stuck out his tongue when she teased him.)19. Мы высунули язык, когда мы слышали это. (We stuck out our tongues when we heard that.)20. Она высунула язык, когда он сказал ей. (She stuck out her tongue when he told her.)",,,,,
маху дал,"1. Я маху дал, когда увидел ее. (I gave a damn when I saw her.)2. Она маху дала, когда поцеловала его. (She gave a damn when she kissed him.)3. Он маху дал, когда сказал это. (He gave a damn when he said that.)4. Мы маху дали, когда увидели его. (We gave a damn when we saw him.)5. Она маху дала, когда позлила его. (She gave a damn when she teased him.)6. Он маху дал, когда смеялся над ней. (He gave a damn when he laughed at her.)7. Мы маху дали, когда слышали это. (We gave a damn when we heard that.)8. Она маху дала, когда он сказал ей. (She gave a damn when he told her.)9. Он маху дал, когда она поцеловала его. (He gave a damn when she kissed him.)10. Мы маху дали, когда он сказал нам. (We gave a damn when he told us.)11. Она маху дала, когда он смеялся над ней. (She gave a damn when he laughed at her.)12. Он маху дал, когда она позлила его. (He gave a damn when she teased him.)13. Мы маху дали, когда мы слышали это. (We gave a damn when we heard that.)14. Она маху дала, когда он сказал ей. (She gave a damn when he told her.)15. Он маху дал, когда она поцеловала его. (He gave a damn when she kissed him.)16. Мы маху дали, когда он сказал нам. (We gave a damn when he told us.)17. Она маху дала, когда он смеялся над ней. (She gave a damn when he laughed at her.)18. Он маху дал, когда она позлила его. (He gave a damn when she teased him.)",,,,,
говорить чушь,"1. Я говорил чушь, когда пытался объяснить ей. (I was speaking nonsense when I tried to explain it to her.)2. Она говорила чушь, когда пыталась убедить его. (She was speaking nonsense when she tried to convince him.)3. Он говорил чушь, когда пытался оправдаться. (He was speaking nonsense when he tried to justify himself.)4. Мы говорили чушь, когда пытались решить проблему. (We were speaking nonsense when we tried to solve the problem.)5. Она говорила чушь, когда пыталась выразить свои чувства. (She was speaking nonsense when she tried to express her feelings.)6. Он говорил чушь, когда пытался скрыть свою ошибку. (He was speaking nonsense when he tried to cover up his mistake.)7. Мы говорили чушь, когда пытались обсудить это. (We were speaking nonsense when we tried to discuss it.)8. Она говорила чушь, когда пыталась объяснить свое поведение. (She was speaking nonsense when she tried to explain her behavior.)9. Он говорил чушь, когда пытался оправдать свое поведение. (He was speaking nonsense when he tried to justify his behavior.)10. Мы говорили чушь, когда пытались описать его. (We were speaking nonsense when we tried to describe him.)11. Она говорила чушь, когда пыталась описать ее. (She was speaking nonsense when she tried to describe)",,,,,
на том свете,"1. Я на том свете, когда увидел ее. (I saw her in that light.)2. Она на том свете, когда поцеловала его. (She kissed him in that light.)3. Он на том свете, когда сказал это. (He said that in that light.)4. Мы на том свете, когда увидели его. (We saw him in that light.)5. Она на том свете, когда позлила его. (She teased him in that light.)6. Он на том свете, когда смеялся над ней. (He laughed at her in that light.)7. Мы на том свете, когда слышали это. (We heard that in that light.)8. Она на том свете, когда он сказал ей. (She was in that light when he told her.)9. Он на том свете, когда она поцеловала его. (He was in that light when she kissed him.)10. Мы на том свете, когда он сказал нам. (We were in that light when he told us.)11. Она на том свете, когда он смеялся над ней. (She was in that light when he laughed at her.)12. Он на том свете, когда она позлила его. (He was in that light when she teased him.)13. Мы на том свете, когда мы слышали это. (We were in that light when we heard that.)14. Она на том свете, когда он сказал ей. (She was in that light when he told her.)15. Он на том свете, когда она поцеловала его. (He was in that light when she kissed him.)16. Мы на том свете, когда он сказал нам. (We were in that light when he told us.)17. Она на том свете, когда он смеялся над ней. (She was in that light when he laughed at her.)18. Он на том свете, когда она позлила его. (He was in that light when she teased him.)19. Мы на том свете, когда мы слышали это. (We were in that light when we heard that.)20. Она на том свете, когда он сказал ей. (She was in that light when he told her.)",,,,,
подошвы не стоить,"1. Я подошвы не стои, когда пытаюсь объяснить ей. (I'm worthless when I try to explain it to her.)2. Она подошвы не стои, когда пытается убедить его. (She's worthless when she tries to convince him.)3. Он подошвы не стоит, когда пытается оправдаться. (He's worthless when he tries to justify himself.)4. Мы подошвы не стоим, когда пытаемся решить проблему. (We're worthless when we try to solve the problem.)5. Она подошвы не стои, когда пытается выразить свои чувства. (She's worthless when she tries to express her feelings.)6. Он подошвы не стоит, когда пытается скрыть свою ошибку. (He's worthless when he tries to cover up his mistake.)7. Мы подошвы не стоим, когда пытаемся обсудить это. (We're worthless when we try to discuss it.)8. Она подошвы не стои, когда пытается объяснить свое поведение. (She's worthless when she tries to explain her behavior.)9. Он подошвы не стоит, когда пытается оправдать свое поведение. (He's worthless when he tries to justify his behavior.)10. Мы подошвы не стоим, когда пытаемся описать его. (We're worthless when we try to describe him.)11. Она подошвы не стои, когда пытается описать ее. (She's worthless when she tries to describe herself.)12. Он подошвы не стоит, когда пытается смеяться над ней. (He's worthless when he tries to laugh at her.)13. Мы подошвы не стоим, когда пытаемся слышать это. (We're worthless when we try to hear this.)14. Она подошвы не стои, когда пытается он сказал ей. (She's worthless when he tells her.)15. Он подошвы не стоит, когда пытается она сказала ему. (He's worthless when she tells him.)16. Мы подошвы не стоим, когда пытаемся сказать это. (We're worthless when we try to say this.)17. Она подошвы не стои, когда пытается сделать это. (She's worthless when she tries to do this.)18. Он подошвы не стоит, когда пытается сделать это. (He's worthless when he tries to do this.)",,,,,